group,d_sample,theta_pool,phi_pool,ratio,fbar,c,d_pool,d_clonal,phi_clonal,theta_clonal
all,0.014326498171244673,0.036109696076330876,0.14209564018355972,3.935110389275758,988.7563793994565,0.4151317687872458,0.0344510087999455,0.00018242389296118365,0.0007180328048964069,0.00018246827505862115
