group,d_sample,theta_pool,phi_pool,ratio,fbar,c,d_pool,d_clonal,theta_clonal,phi_clonal
all,0.004884147996024187,0.10280061816696266,0.35954011380478895,3.4974508929590797,977.088973606939,0.0546576725974704,0.09040854565859044,1.6919062450132798e-05,1.6919444131641978e-05,5.91749249865825e-05
