group,d_sample,theta_pool,phi_pool,ratio,fbar,c,d_pool,d_clonal,theta_clonal,phi_clonal
all,0.004692052853505773,0.09279930123325382,0.35193246436964604,3.792404249737326,1342.440164967939,0.05746092907326095,0.08258131659945214,1.1974674570826147e-05,1.1974865764320223e-05,4.541353181464203e-05
